{"cameraMode":{"drawMode":0,"name":"Shaded","section":"Shading Mode"},"sceneLighting":false,"audioPlay":false,"sceneViewState":{"m_AlwaysRefresh":false,"showFog":true,"showSkybox":false,"showFlares":true,"showImageEffects":true,"showParticleSystems":true,"showVisualEffectGraphs":true,"m_FxEnabled":true},"in2DMode":false,"pivot":{"x":-0.022719621658325197,"y":1.319713830947876,"z":0.3696959316730499},"rotation":{"x":0.2085389941930771,"y":0.04545567184686661,"z":-0.009699380025267601,"w":0.9769225120544434},"size":2.5806944370269777,"orthographic":false}